Bogen;Segmentierte Handschrift;Segmentierte Handschrift;Ich stimme der Datenverarbeitung sowie der Datenweitergabe für Lehrforschungszwecke und die Verbesserung der Lehre an der Medizinischen Fakultät der Universität Ulm zu.;Q9-Skripte, digitale Nutzung;Q9-Skripte, Papierdruck;Lehrbuch/-bücher Wenn ja, welches Lehrbuch nutzen Sie primär? ____________________________________________;Leitlinien der Fachgesellschaften (im Original);Anki-Lernkarten (bereitgestellt durch Institut für klin. Pharmakologie);Anki-Lernkarten (selbst oder anderweitig erstellt);Aufgaben/Patientenfälle auf Moodle;Testfragen auf Moodle;andere: ____________________________________________;2. Wie kann Ihre grundsätzliche Haltung gegenüber E-Learning-Angeboten beschrieben werden?;Lernskripte;zeitunabhängig angebotene Vorlesungs- und Seminarvideos;Online-Live-Veranstaltungen an bestimmten Terminen (z.B. über Zoom);Präsenzveranstaltungen an bestimmten Terminen;Aufgaben zur eigenständigen Bearbeitung (mit Lösung);Testfragen zu den Lerninhalten;Anki-Lernkarten (bereitgestellt durch Institut für klinische Pharmakologie);Anki-Lernkarten (selbst oder anderweitig erstellt);alle sind gleich nützlich;4. Welche Form der Lehre würden Sie in Zukunft bevorzugen?;5. Haben Sie die Anki-Lernkarten Klinische Pharmakologie genutzt?;6. Haben Sie die Anki-Lernkarten als Lernmaterial als hilfreich empfunden?;7. In welchem Umfang haben Sie die Anki-Lernkarten verwendet?;Installation des Programms(Zeit in Stunden):                                       ;Einarbeiten/Lesen der Bedienungsanleitung (Zeit in Stunden):;Lernen mit Anki-Lernkarten (durchschnittliche Stunden pro Woche, innerhalb der letzten 6 Monate):;semesterbegleitend ;zur Prüfungsvorbereitung;in speziellen Situationen, z.B. im Bus/Zug;Sonstiges: ____________________;PC;Laptop;Tablet;Handy;Ich hatte nicht ausreichend Zeit dazu. ;Die Lernkarten haben mich nicht interessiert.;Das bestehende Angebot an Lehrmaterialien war für mich ausreichend.;Die Installation der Software und/oder die Auseinandersetzung mit der Bedienungsanleitung waren mir zu aufwändig.;Ich wusste nicht, dass es die Lernkarten gibt.;Ich nutze eigene Lernkarten.;Sonstige Gründe: ______________________________________;12. Sollten Ihrer Meinung nach Anki-Lernkarten in Zukunft weiter angeboten werden?;13. Haben Sie Anmerkungen zu den Anki-Lernkarten? Haben Sie Anmerkungen zum Q9-Unterricht?;14. Wie schätzen Sie Ihre Studienleistung  insgesamt im Vergleich zu anderen Studierenden Ihres Semesters ein?;15. Wie schätzen Sie Ihre Studienleistung  im Fach Klinische Pharmakologie im Vergleich zu anderen Studierenden Ihres Semesters ein?;Nein, nicht wesentlich.;Ja, ich habe seitdem weniger Zeit mit studienbezogenen Tätigkeiten (z.B. Lernen) verbracht als zuvor.;Ja, ich habe seitdem mehr Zeit mit studienbezogenen Tätigkeiten (z.B. Lernen) verbracht als zuvor.;Ja, ich verwende seitdem mehr E-Learning-Tools als vorher.;Ja, ich lerne seitdem weniger gemeinsam mit Kommilitonen/in Lerngruppen als vorher.;Ja, ich lerne seitdem mehr gemeinsam mit Kommilitonen/in Lerngruppen als vorher.;Sonstige Veränderungen: ______________________________________;Wie alt sind Sie (in Jahren)?;Bitte geben Sie Ihr Geschlecht an:;Datensatz-Ursprung
1;EL   09;GO   30;1;1;1;0;0;0;1;1;1;0;2;1;0;0;0;1;0;1;1;0;2;1;1;2;OO1;OOO;OOZ;0;1;1;0;0;1;0;0;;;;;;;;1;[LEER];3;4;0;0;0;0;0;0;1;Z4;1;P
2;AN   01;MA   22;1;1;0;0;0;1;1;1;0;0;1;1;1;0;1;1;1;1;1;0;3;1;1;3;0,1;1OO;ZOO;1;1;0;0;0;1;0;0;;;;;;;;1;[LEER];4;3;0;1;0;1;0;0;0;Z4;2;P
3;CH   21;CH   27;1;1;0;0;0;1;1;0;1;0;1;1;1;0;0;0;1;1;1;0;3;1;1;1;O;O;1;0;1;0;0;0;1;0;0;;;;;;;;1;[LEER];3;3;0;0;1;1;0;1;0;Z4;2;P
4;KA   27;WA   01;1;0;1;0;0;0;0;1;0;0;1;1;0;0;0;1;1;0;0;0;3;2;;;;;;;;;;;;;;0;1;0;0;0;0;0;1;[LEER];3;3;1;0;0;0;0;0;0;ZZ;1;P
5;CH   01;GE   15;1;1;0;0;0;0;0;0;0;0;1;1;0;0;1;1;1;1;1;0;3;2;;;;;;;;;;;;;;0;0;1;0;0;0;1;;[LEER];4;4;0;0;1;1;0;0;0;Z4;2;P
6;MO   18;GA   07;1;1;0;0;0;0;1;0;0;0;1;1;0;0;1;0;1;0;0;0;3;2;;;;;;;;;;0;0;0;0;0;0;1;0;0;1;0;1;[LEER];4;4;0;1;0;0;0;0;0;ZZ;2;P
7;ED   10;HA   20;1;1;0;1;1;0;1;1;1;0;1;1;1;0;0;1;1;1;1;0;3;2;;;;;;;;;;;;;;1;0;1;0;0;1;0;1;[LEER];3;3;0;0;0;1;0;0;0;Z4;2;P
8;MO   10;HA   28;1;1;0;0;0;0;0;1;0;0;1;1;0;0;0;1;1;0;0;0;3;2;;;;;;;;;;;;;;0;0;1;0;0;0;0;1;[LEER];4;4;0;0;1;1;0;0;0;ZZ;1;P
9;NI   08;ST   11;1;1;0;0;0;0;0;0;0;0;1;1;0;0;0;0;0;0;0;0;2;2;;;;;;;;;;;;;;0;1;0;0;0;0;0;1;[LEER];3;3;0;0;1;0;0;0;0;23;2;P
11;BA   10;FR   12;1;1;1;0;1;0;0;1;0;0;1;1;1;0;0;1;1;1;0;0;3;2;2;;;;;;;;;;;;;0;0;0;1;0;0;1;1;[LEER];4;4;1;0;0;0;0;0;0;Z4;1;P
12;CO   10;JA   26;1;1;0;0;1;0;0;1;0;0;1;1;1;0;0;0;1;0;0;0;3;2;;;;;;;;;;;;;;1;1;0;0;0;0;0;1;[LEER];3;2;0;0;0;1;0;0;0;ZZ;1;P
13;DO   10;TH   14;1;1;1;0;0;0;0;1;0;0;1;1;0;0;1;1;0;0;0;0;3;2;;;;;;;;;;;;;;1;0;1;1;0;0;0;1;[LEER];4;4;0;0;0;1;0;0;0;Z4;2;P
14;XX   99;XX   99;1;0;1;0;0;0;0;0;0;0;1;1;0;0;0;0;0;0;0;0;1;2;;;;;;;;;;;;;;;;;;;;;;[LEER];;;;;;;;;;;;P
15;SA   22;UL   14;1;1;0;0;1;0;0;1;0;0;1;1;1;0;0;0;1;0;0;0;3;2;;;;;;;;;;;;;;0;1;0;0;0;0;0;1;[LEER];4;4;1;0;0;0;0;0;0;22;2;P
16;JU   14;PE   17;1;1;0;1;0;0;0;0;0;0;1;1;0;0;1;0;1;0;0;0;2;2;;;;;;;;;;;;;;0;1;0;0;0;0;1;1;[LEER];4;4;1;0;0;0;0;0;0;ZZ;2;P
17;IN   21;MI   07;1;1;0;0;0;0;0;0;0;0;1;1;1;0;1;0;1;0;0;0;2;2;;;;;;;;;;;;;;0;0;1;0;0;0;0;1;[LEER];5;4;0;0;1;0;0;0;0;ZZ;2;P
18;SA   06;PI   15;1;1;0;0;0;0;1;0;0;0;1;1;1;0;0;0;1;0;1;0;1;2;;;;;;;;;;;;;;0;0;0;0;0;1;0;1;[LEER];;;;;;;;;;;;P
19;EL   07;DI   22;1;1;0;0;0;0;0;0;0;0;1;1;0;0;0;0;0;0;0;0;3;2;;;;;;;;;;;;;;1;0;0;0;0;0;0;1;[LEER];4;4;0;0;1;0;0;0;0;;;P
20;MA   06;FR   20;1;1;1;0;0;0;0;0;0;0;1;1;0;0;0;0;0;0;0;0;3;1;1;3;;;;;;;;;;;;;;;;;;;1;[LEER];1;1;0;0;1;0;0;0;0;;;P
21;IN   17;AN   03;1;1;0;0;1;0;0;1;0;0;1;1;1;0;1;1;1;0;0;0;3;2;;;;;;;;;;;;;;0;0;0;1;0;1;0;1;[LEER];3;3;0;0;1;1;1;0;0;ZZ;1;P
22;KA   10;RO   17;1;1;0;0;0;0;0;0;0;0;1;1;0;0;0;0;0;0;0;0;2;1;1;2;;;40;;;;;;;;;0;1;0;0;0;0;0;1;[LEER];3;3;0;0;0;1;0;0;0;ZY;1;P
23;ER   12;HE   20;1;1;0;1;0;0;0;1;0;0;1;1;1;0;1;0;0;0;0;0;3;1;1;3;^;1;1;1;0;0;0;0;1;0;0;;;;;;;;;[LEER];3;3;1;0;0;0;0;0;0;ZT;1;P
24;IR   18;FR   05;1;1;0;0;0;0;0;1;0;0;1;1;1;1;1;0;1;1;0;0;3;2;;;;;;;;;;;;;;1;0;1;0;0;0;0;1;[LEER];4;4;0;0;1;1;0;0;0;ZZ;1;P
25;SI   26;AX   31;1;1;0;1;0;1;1;1;1;0;1;1;1;0;0;1;1;1;0;0;3;1;1;2;1;1;Z;0;1;0;0;0;0;1;0;;;;;;;;1;[LEER];5;4;1;0;0;1;0;0;0;ZZ;1;P
26;BI   31;HA   13;1;1;0;0;1;0;1;0;1;0;1;1;0;0;0;1;1;0;0;0;1;1;1;2;;;;0;1;0;0;0;0;1;0;;;;;;;;1;[LEER];3;3;0;0;1;1;0;0;0;Z4;2;P
27;MO   05;AR   26;1;1;0;0;1;0;0;1;0;0;1;1;0;0;0;0;1;0;0;0;3;2;;;;;;;;;;;;;;0;0;1;0;0;0;0;1;[LEER];3;3;0;0;0;1;1;0;0;ZZ;1;P
28;NI   27;DI   23;1;1;0;1;0;1;0;1;0;0;1;1;1;0;1;1;1;1;1;0;2;1;1;1;O;O;5;0;1;1;0;0;0;1;0;;;;;;;;1;[LEER];2;2;0;0;1;1;0;0;0;Z8;2;P
30;SU   13;GH   10;1;1;1;0;0;0;0;0;0;0;1;1;1;0;0;0;1;0;0;0;3;2;;;;;;;;;;;;;;0;1;0;0;0;0;0;;[LEER];2;2;1;0;0;0;0;0;0;ZZ;2;P
31;VE   01;ED   01;1;1;0;1;0;1;1;1;1;0;1;1;1;1;0;1;1;1;1;0;1;1;1;1;0,1;1;Z5;1;0;1;0;1;1;1;1;;;;;;;;1;[LEER];4;4;0;0;0;1;0;0;0;41;2;P
34;MO   03;HE   04;1;1;0;0;0;0;0;1;1;0;1;1;0;0;0;1;1;0;0;0;3;1;2;3;1;OI5;Z;0;1;0;0;0;1;0;0;;;;;;;;1;[LEER];3;3;0;0;0;1;0;0;0;ZZ;1;P
35;BR   02;AX   18;1;1;0;0;0;0;0;1;0;1;1;1;0;0;1;0;0;0;0;0;2;2;;;;;;;;;;;;;;0;0;1;0;0;0;0;1;[LEER];4;4;0;0;0;1;0;0;0;ZZ;2;P
36;AN   17;MA   22;1;1;0;0;0;1;0;0;0;0;1;1;0;0;0;0;0;0;0;0;1;1;1;2;^;O;1O;0;1;0;0;0;0;1;0;;;;;;;;1;[LEER];3;3;1;0;0;0;0;0;0;ZZ;1;P
38;MA   02;RE   29;1;1;0;0;0;1;1;0;0;1;1;1;1;0;0;0;1;0;0;0;1;1;2;3;O;O;1;0;1;0;0;0;1;0;0;;;;;;;;1;[LEER];2;2;0;0;0;1;0;0;0;ZZ;1;P
39;UT   20;DI   30;1;1;0;0;0;0;0;1;0;0;1;1;1;0;0;1;1;0;0;0;3;2;;;;;;;;;;;;;;1;0;0;0;0;0;0;1;[LEER];4;2;0;0;0;1;0;1;0;Z4;1;P
40;MA   24;FR   18;1;1;0;0;1;0;0;0;0;0;1;1;0;0;1;0;1;0;0;0;3;2;;;;;;;;;;;;;;1;0;0;0;0;0;0;1;[LEER];3;3;0;0;1;1;1;0;0;ZS;2;P
41;BA   03;FR   29;1;1;1;0;0;0;0;1;0;0;1;1;1;0;0;1;1;0;0;0;3;2;;;;;;;;;;;;;;0;1;0;0;0;0;0;1;[LEER];3;3;1;0;0;0;0;0;0;ZZ;1;P
42;JO   29;ST   04;1;1;0;1;1;0;0;0;0;0;1;1;1;0;0;1;1;0;0;0;3;2;;;;;;;;;;;;;;0;0;1;0;0;0;0;1;[LEER];2;2;0;0;1;1;0;0;0;ZZ;1;P
43;IR   20;AN   05;1;1;0;1;0;0;0;1;0;1;1;1;0;0;0;1;0;0;0;0;3;2;;;;;;;;;;;;;;0;0;0;0;0;0;1;1;[LEER];3;3;1;0;0;0;0;0;0;ZZ;1;P
44;EL   29;MI   17;1;1;0;0;0;0;0;1;1;1;1;1;1;0;0;1;1;0;0;0;;2;;;;;;;;;;;;;;1;0;0;0;0;0;0;1;[LEER];3;;0;1;0;1;0;0;0;Z6;1;P
45;TI   17;ST   01;1;0;0;0;0;0;0;1;1;0;;0;0;0;0;0;1;0;0;0;3;2;;;;;;;;;;;;;;0;0;0;0;0;1;0;1;[LEER];3;2;1;0;0;0;0;0;0;ZZ;1;P
46;MA   05;AN   04;1;1;1;0;0;0;0;1;0;0;1;1;1;0;1;0;0;0;0;0;;2;;;;;;;;;;;;;;0;1;1;0;0;0;1;1;[LEER];3;3;0;0;1;0;1;0;0;ZZ;1;P
47;PE   03;LU   29;1;1;0;0;0;0;0;0;0;0;1;1;1;0;0;1;1;0;0;0;3;2;;;;;;;;;;;;;;1;0;1;0;0;1;0;1;[LEER];2;3;0;0;0;1;0;0;0;24;1;P
48;AN   22;RA   30;1;1;1;0;0;0;0;0;0;0;1;1;1;0;0;1;1;1;1;0;;2;;;;;;;;;;;;;;1;0;0;0;0;0;0;1;[LEER];4;4;1;0;0;0;0;0;0;Z5;2;P
49;IN   04;ZE   12;1;1;0;0;0;0;1;1;0;0;1;1;1;0;0;1;0;0;1;0;3;2;;;;;;;;;;;;;;0;0;0;0;0;1;1;1;[LEER];4;4;1;0;0;0;0;0;0;Z4;2;P
50;MA   07;ST   07;1;1;0;1;0;0;0;1;0;0;1;1;1;0;1;0;0;0;0;0;2;2;;;;;;;;;;;;;;1;0;0;0;0;1;0;1;[LEER];4;3;0;0;1;1;0;0;0;Z4;1;P
51;AN   18;WA   27;1;1;0;0;0;0;0;0;0;0;1;1;0;0;0;0;1;0;0;0;3;2;;;;;;;;;;;;;;1;0;0;0;0;0;0;1;[LEER];3;3;1;0;0;0;0;0;0;ZZ;1;P
52;MA   16;HE   04;1;1;0;0;0;0;0;1;0;1;1;1;1;0;1;1;1;1;0;0;3;2;;;;;;;;;;;;;;1;0;1;0;0;0;1;1;[LEER];3;3;1;0;0;0;0;0;0;ZZ;1;P
53;DA   08;CL   18;1;1;0;0;1;1;0;1;0;1;1;1;0;0;0;0;1;1;0;0;3;1;1;1;O;D;5;1;1;1;0;0;0;1;1;;;;;;;;1;[LEER];3;4;0;0;1;1;1;0;0;Z4;1;P
54;YE   10;ZO   25;1;1;1;1;1;1;0;1;1;0;1;1;1;1;1;1;1;1;1;1;2;1;1;1;O1;O1;ZOO;1;1;0;0;0;1;1;1;;;;;;;;1;[LEER];3;;0;0;1;1;0;1;0;Z8;1;P
56;AN   25;TH   03;1;1;0;0;1;0;0;1;0;0;1;1;1;0;0;1;0;0;0;0;2;2;;;;;;;;;;;;;;1;0;0;0;0;1;0;1;[LEER];3;3;0;0;0;1;0;1;0;Z4;1;P
57;RE   22;MA   17;1;1;0;0;0;0;0;1;0;0;1;1;0;0;0;0;0;0;0;0;3;2;;;;;;;;;;;;;;;;;;;;;;[LEER];;;;;;;;;;Z6;2;P
58;SY   20;AN   07;1;1;0;0;0;1;0;1;0;0;1;1;1;0;1;0;1;1;0;0;3;1;1;2;1;1;Z;0;1;0;0;0;0;0;1;;;;;;;;;[LEER];4;3;0;0;1;1;1;0;0;Z6;1;P
59;TH   06;WI   09;1;0;0;0;0;0;0;0;0;1;;1;1;0;0;0;1;0;0;0;3;2;;;;;;;;;;;;;;1;0;0;0;0;0;0;1;[LEER];2;1;1;0;0;0;0;0;0;ZZ;1;P
60;MA   04;AN   07;1;1;0;0;0;0;0;0;0;0;1;1;1;0;0;1;0;0;0;0;3;2;;;0,05;0;OOO;;;;;0;1;0;0;1;0;0;0;0;0;1;;[LEER];3;3;0;1;0;0;0;0;0;ZZ;1;P
61;SO   02;JU   05;1;1;0;0;0;0;1;0;0;1;1;;;;;;;;;;3;1;1;2;0;0;Z;0;1;1;0;0;1;1;1;;;;;;;;1;[LEER];4;3;1;0;0;0;0;0;0;Z1;2;P
63;DA   06;ST   29;1;1;0;0;0;0;0;1;0;0;1;1;1;1;1;1;1;0;0;0;3;2;;;;;;;;;;;;;;;;;;;;;;[LEER];3;3;0;0;0;1;1;0;0;ZZ;1;P
64;SI   18;WO   31;1;1;0;0;1;0;1;0;0;0;1;1;1;0;0;0;0;0;1;0;;2;2;1;OOO;OOO;O5O;1;1;1;0;0;1;0;1;0;0;0;0;0;1;1;1;[LEER];4;4;1;0;0;0;0;0;0;ZG;2;P
65;HE   20;TH   07;1;1;1;0;0;0;0;1;0;1;1;1;1;0;1;1;1;1;0;0;3;2;;;;;;;;;;;;;;1;0;1;0;0;1;1;1;[LEER];4;3;1;0;0;0;0;0;0;Z4;1;P
66;KA   04;EL   07;1;1;0;0;0;1;1;0;1;1;1;1;1;0;0;0;0;1;1;0;1;1;1;1;O,5;9Z;15;1;1;1;0;0;1;0;0;;;;;;;;1;[LEER];3;3;1;0;0;0;0;0;0;Z4;2;P
67;SA   12;UL   30;1;1;0;0;0;0;0;1;0;0;1;1;1;0;0;0;0;1;1;0;3;2;;;;;;;;;;;;;;1;0;1;0;0;0;0;1;[LEER];4;3;0;1;0;1;0;0;0;ZZ;1;P
68;SI   27;FR   04;1;1;1;0;1;0;0;1;0;1;1;1;1;0;0;1;1;0;0;0;3;2;;;;;;;;;;;;;;0;0;0;1;0;0;1;1;[LEER];3;3;0;0;1;1;0;1;0;ZZ;1;P
69;LL   13;MA   10;1;0;1;0;0;0;1;1;0;0;1;1;0;0;0;1;1;0;1;0;3;2;;;;;;;;;;;;;;0;0;0;0;0;1;0;1;[LEER];3;3;0;0;1;1;1;0;0;Z4;2;P
70;SA   08;WO   29;1;1;0;0;0;0;0;0;0;0;1;1;1;0;0;0;1;0;0;0;1;2;;;;;;;;;;;;;;0;0;1;0;0;0;0;1;[LEER];3;3;0;1;0;0;1;0;0;ZZ;1;P
71;MI   23;ZH   05;1;1;1;0;1;0;0;1;0;0;1;1;1;0;0;1;1;0;0;0;1;;;;;;;;;;;;;;;1;0;0;0;0;0;0;1;[LEER];2;1;1;0;0;0;0;0;0;ZZ;1;P
72;HI   07;ST   12;1;1;0;0;0;0;0;0;0;0;2;1;1;0;0;1;0;0;0;0;1;2;;;;;;;;;;;;;;0;0;0;1;0;0;0;1;[LEER];4;4;0;0;1;0;0;1;0;ZZ;2;P
73;UR   20;GE   18;1;1;0;0;1;0;0;1;0;1;1;1;0;0;0;0;1;0;0;0;3;2;;;;;;;;;;;;;;1;1;0;0;0;0;1;1;[LEER];3;3;0;1;0;0;0;0;0;Z1;1;P
74;SA   05;CH   07;1;1;1;0;0;0;0;1;0;0;1;1;1;0;0;1;1;0;0;0;1;2;;;;;;;;;;;;;;0;0;1;1;0;0;0;1;[LEER];3;3;1;0;0;0;0;0;0;Z4;1;P
75;KA   07;MA   16;1;1;0;0;0;0;0;1;0;0;1;1;0;0;0;0;0;0;0;0;3;2;;;;;;;;;;;;;;1;0;0;0;0;0;0;1;[LEER];3;3;0;0;0;1;0;0;0;ZZ;1;P
76;JA   15;DA   04;1;0;0;0;0;0;1;1;0;0;1;0;0;0;0;0;0;0;1;0;2;2;2;;O;O;O;;;;;0;0;1;0;0;0;0;0;0;1;0;1;[LEER];3;3;0;0;0;1;0;0;0;ZZ;1;P
77;PE   15;AC   05;1;1;0;0;0;0;0;1;1;0;1;1;1;0;1;1;1;0;0;0;3;2;;;;;;;;;;;;;;1;0;1;0;0;0;0;1;[LEER];3;3;0;0;1;1;0;1;0;Z1;2;P
78;MA   13;GU   02;1;1;0;0;0;0;0;0;0;0;;1;1;0;0;0;0;0;0;0;3;2;;;;;;;;;;;;;;1;0;0;1;0;0;0;1;[LEER];3;3;0;0;0;1;0;0;0;ZZ;1;P
79;VI   06;MA   02;1;1;0;0;1;0;0;1;0;1;1;0;0;0;0;1;0;0;0;0;3;2;;;;;;;;;;;;;;1;0;0;0;0;0;0;1;[LEER];2;1;0;0;1;1;1;0;0;ZZ;1;P
80;MO   24;OL   05;1;1;0;1;0;0;0;1;1;0;1;1;0;0;1;0;0;0;0;0;3;2;;;;;;;;;;;;;;0;0;1;0;0;0;1;1;[LEER];3;3;0;0;0;1;0;0;0;ZS;1;P
81;UR   10;HE   05;1;1;0;0;0;0;0;1;0;0;1;1;0;0;0;1;1;0;0;0;1;2;;;;;;;;;;;;;;0;1;1;0;0;0;0;1;[LEER];4;4;0;0;1;1;0;0;0;Z4;1;P
82;BA   01;VO   02;1;1;0;0;0;0;0;1;0;0;1;1;1;0;0;1;1;0;0;0;3;2;;;.;;;;;;;;;;;1;0;1;0;0;0;0;1;[LEER];3;3;0;0;0;1;0;0;0;ZZ;2;P
83;MA   27;KA   14;1;1;1;0;0;0;0;0;0;1;2;1;1;0;0;1;0;0;0;1;3;2;;;;;;;;;;;;;;0;0;1;0;0;0;0;1;[LEER];3;4;0;1;0;1;0;0;0;Z1;1;P
84;AN   21;VA   06;1;1;0;0;0;0;0;1;0;0;1;1;0;0;1;1;1;0;0;0;2;1;2;2;~~1;0,2;Z;0;1;0;0;0;1;0;0;;;;;;;;1;[LEER];3;3;1;0;0;0;0;0;0;ZZ;1;P
85;FL   17;BU   30;1;1;0;0;0;0;1;0;0;0;1;1;0;0;1;0;0;0;1;0;3;2;1;1;0,1;O;Z;0;1;0;0;1;0;1;0;;;;;;;;1;[LEER];4;5;0;0;0;1;0;0;0;Z4;2;P
86;IR   16;EB   24;1;1;0;0;0;0;0;1;0;0;1;1;0;0;0;1;0;0;0;0;3;2;;;;;;;;;;;;;;0;0;0;0;0;0;1;;[LEER];2;3;1;0;0;0;0;0;0;ZZ;2;P
87;EL   01;SE   17;1;1;1;0;0;0;0;1;1;0;1;1;1;0;1;1;1;0;0;0;1;2;;;;;;;;;;;;;;1;1;1;0;0;0;0;;[LEER];2;3;0;0;1;1;0;0;0;ZZ;1;P
88;SA   22;CE   11;1;1;0;0;1;1;1;0;0;0;1;1;0;0;0;0;0;1;1;0;1;1;1;1;O;O;ZO;0;1;0;0;1;1;1;0;;;;;;;;1;[LEER];3;3;0;1;0;0;0;0;0;ZZ;2;P
89;SI   08;RE   12;1;1;0;0;0;0;1;0;0;1;1;1;0;0;0;1;1;0;1;0;3;1;1;3;O8;0,5;Z;0;1;1;0;0;0;0;1;;;;;;;;1;[LEER];3;4;0;1;0;0;0;1;0;ZZ;2;P
90;AL   26;JE   18;1;1;0;0;0;0;1;0;0;0;1;1;1;0;1;1;1;1;1;0;2;2;;;;;;;;;;;;;;0;0;0;0;0;1;0;1;[LEER];3;3;1;0;0;0;0;0;0;ZZ;2;P
91;GU   30;MA   09;1;1;0;1;0;0;0;1;0;0;1;1;1;0;0;0;0;0;0;0;3;2;;;;;;;;;;;;;;0;1;0;0;0;0;0;1;[LEER];4;2;0;0;0;1;0;0;0;ZZ;1;P
92;CL   25;HE   25;1;1;0;0;0;0;0;0;0;0;1;1;1;0;0;0;1;0;0;0;3;2;;;;;;;;;;;;;;1;0;1;0;0;0;0;1;[LEER];4;4;0;0;1;1;0;0;0;ZZ;2;P
93;XX   99;XX   99;1;1;0;0;0;0;1;0;0;0;1;1;0;0;0;1;1;0;1;0;3;2;;;;;;;;;;;;;;1;0;0;0;0;1;0;;[LEER];3;3;0;0;0;1;0;0;0;ZZ;2;P
94;AN   08;TH   03;1;1;0;0;0;1;0;1;0;0;1;1;0;0;0;1;1;1;0;0;3;1;1;2;;;^;0;1;0;0;0;0;1;0;;;;;;;;;[LEER];;;0;0;1;1;0;0;0;Z5;1;P
96;ER   24;GE   27;1;1;0;0;0;1;1;1;0;0;1;1;1;1;0;1;1;1;0;0;1;1;1;1;1;1;8;0;1;0;0;0;1;0;0;;;;;;;;;[LEER];3;2;0;0;1;0;1;0;0;ZY;1;P
97;PA   08;AL   13;1;1;0;0;0;1;1;0;0;0;1;1;0;0;1;0;1;0;1;0;3;1;1;1;0,5;0,5;7;0;1;0;0;0;1;0;0;;;;;;;;;[LEER];3;;0;0;0;1;0;0;0;ZZ;1;P
98;SI   29;AR   23;1;1;0;0;0;0;0;1;0;0;1;1;0;0;0;0;0;0;0;0;2;2;;;;;;;;;;;;;;0;1;0;0;0;0;0;1;[LEER];4;2;1;0;0;0;0;0;0;ZZ;2;P
99;AN   19;PE   15;1;1;0;0;0;0;0;1;0;0;1;1;1;0;0;1;1;0;0;0;3;2;;;;;;;;;;;;;;1;0;0;0;0;0;0;1;[LEER];;;;;;;;;;;;P
100;BE   20;BE   27;1;1;0;0;0;0;0;1;1;0;1;1;0;0;1;1;1;0;0;0;3;2;;;;;;;;;;;;;;0;0;0;0;0;0;1;;[LEER];4;3;1;0;0;0;0;0;0;Z4;1;P
101;UT   21;UW   14;1;1;0;0;0;0;0;0;0;0;1;1;1;0;0;0;1;0;0;0;3;2;;;;;;;;;;;;;;0;0;1;0;0;0;0;1;[LEER];3;3;0;0;1;0;0;0;0;ZZ;1;P
102;TA   16;KO   19;1;1;0;1;0;0;0;1;0;0;1;1;0;1;1;1;1;0;0;0;3;2;;;;;;;;;;;;;;0;1;1;0;0;0;1;1;[LEER];5;4;0;0;1;1;0;1;0;ZZ;2;P
104;NA   25;MO   11;1;1;0;0;1;0;0;1;0;0;1;1;0;0;0;1;1;1;0;0;3;2;;;;;;;;;;;;;;1;0;1;0;0;0;0;1;[LEER];3;3;0;0;0;1;1;0;0;Z1;1;P
105;MI   03;MI   10;1;1;0;0;0;1;1;1;0;0;1;1;0;0;1;1;0;1;1;0;2;1;1;1;OO1;OO1;OOZ;0;1;0;0;0;0;1;0;;;;;;;;1;[LEER];3;3;0;0;0;1;1;0;0;ZZ;1;P
106;FR   07;GE   24;1;1;1;0;0;1;0;1;0;0;2;1;0;0;1;0;0;1;0;0;3;2;;;;;;;;;;;;;;1;0;0;1;0;0;0;1;[LEER];4;3;1;0;0;0;0;0;0;ZZ;2;P
107;ST   04;TM   06;1;1;0;0;0;1;0;0;1;0;1;1;1;0;0;1;1;1;0;0;1;1;1;1;OO5;0,5;1;0;1;0;0;0;0;1;0;;;;;;;;1;[LEER];3;3;0;0;0;1;0;0;0;Z5;1;P
108;CL   31;RE   26;1;1;0;0;0;0;0;1;0;0;1;1;1;0;0;0;1;0;0;0;2;2;;;;;;;;;;;;;;1;0;0;0;0;0;0;1;[LEER];3;3;1;0;0;0;0;0;0;ZZ;1;P
109;BE   05;OL   11;1;1;0;0;0;0;0;1;0;0;1;1;0;0;1;0;1;1;0;0;3;2;;;;;;;;;;;;;;0;0;1;0;0;0;0;1;[LEER];3;3;0;0;1;1;1;0;0;ZZ;1;P
110;MA   30;VO   18;1;1;1;1;1;0;1;1;0;0;1;1;0;0;1;1;1;1;1;0;2;1;1;2;OOO;OOO;OO7;0;1;1;0;0;0;1;1;;;;;;;;1;[LEER];5;5;0;0;1;1;0;0;0;Z4;1;P
111;AN   16;TN   20;1;0;1;0;0;0;0;0;0;0;1;1;0;0;0;0;0;0;0;0;3;2;;;;;;;;;;;;;;;;;;;;;;[LEER];3;4;0;0;1;0;0;0;0;ZZ;1;P
112;AN   23;BE   09;1;1;0;1;0;0;0;1;0;0;1;1;0;0;0;1;0;0;0;0;3;2;;;;;;;;;;;;;;0;0;1;0;0;0;1;1;[LEER];3;3;1;0;0;0;0;0;0;ZZ;1;P
113;MI   10;CA   31;1;1;0;0;0;1;0;1;0;0;1;1;0;0;0;1;1;0;0;0;3;1;1;2;0,5;95;2;0;1;0;0;0;0;1;0;;;;;;;;1;[LEER];4;2;1;0;0;0;0;0;0;ZZ;1;P
114;KI   11;MA   01;1;1;0;0;0;0;1;1;0;0;1;1;0;0;0;1;1;1;1;0;3;1;1;3;O;O;0,5;0;1;0;0;0;0;1;0;;;;;;;;1;[LEER];4;3;;;;;;;;Z4;2;P
115;KI   06;TH   25;1;1;0;0;0;0;1;1;0;1;1;1;0;0;1;1;1;1;1;0;2;2;;;;;;;;;;;;;;1;0;0;0;0;1;0;1;[LEER];4;3;1;0;0;0;0;0;0;ZN;2;P
116;RI   14;JJ   27;1;1;1;0;0;0;0;1;0;0;1;1;0;0;0;1;1;0;0;0;3;2;;;;;;;;;;;;;;0;0;0;1;0;0;1;1;[LEER];4;4;0;0;1;0;0;0;0;ZZ;1;P
117;TA   18;MA   22;1;1;0;0;0;0;0;1;0;1;1;1;1;0;1;1;1;1;0;0;2;2;;;;;;;;;;;;;;1;0;1;0;0;0;0;1;[LEER];4;3;1;0;0;0;0;0;0;ZZ;1;P
118;CL   17;AN   21;1;1;0;0;0;0;0;0;0;0;1;1;0;0;0;1;1;0;0;0;3;2;;;;;;;;;;;;;;0;0;0;1;0;0;0;1;[LEER];3;3;1;0;0;0;0;0;0;ZZ;1;P
119;BR   11;OL   30;1;1;0;0;1;1;0;1;1;1;1;1;1;0;1;1;1;1;0;0;3;1;1;1;OIS;O\5;6;0;1;0;0;0;0;1;0;;;;;;;;1;[LEER];3;3;0;0;0;0;1;0;0;Z9;2;P
120;UT   17;JO   14;1;1;0;0;1;0;0;1;0;1;1;1;0;0;1;1;1;0;0;0;2;2;;;;;;;;;;;;;;0;0;0;0;0;0;1;1;[LEER];3;2;0;1;0;1;0;1;0;ZZ;1;P
121;SI   07;WE   09;1;1;0;0;0;0;0;1;0;0;2;1;0;1;1;0;1;0;0;0;3;2;;;;;;;;;;;;;;0;0;1;0;0;0;1;1;[LEER];4;4;0;0;1;0;0;0;0;ZZ;1;P
122;KE   15;AL   13;1;1;0;0;0;0;0;0;0;0;2;1;0;0;1;0;0;0;0;0;3;2;;;;;;;;;;;;;;0;0;1;0;0;0;0;1;[LEER];5;5;1;0;0;0;0;0;0;ZZ;1;P
123;MA   11;JO   23;1;1;0;0;1;0;0;1;1;0;1;1;1;0;1;1;1;0;0;0;3;2;;;;;;;;;;;;;;0;0;1;0;0;0;0;1;[LEER];4;4;0;0;1;0;1;0;0;ZZ;1;P
124;IS   29;EB   12;1;1;0;0;0;0;1;1;0;1;1;0;0;0;1;0;1;0;1;0;3;2;;;;;;;;;;;;;;0;0;0;0;0;1;0;1;[LEER];4;3;1;0;0;0;0;0;0;Z4;2;P
125;AL   22;PE   12;1;1;0;0;0;0;0;1;0;1;1;0;1;0;1;1;1;0;0;0;3;2;;;;;;;;;;;;;;1;0;0;0;0;0;0;1;[LEER];3;1;0;0;0;1;1;0;0;ZZ;1;P
127;UL   05;JU   15;1;1;0;0;0;0;0;1;0;1;1;1;0;0;1;1;1;0;0;0;2;2;;;;;;;;;;;;;;0;0;0;1;0;0;0;1;[LEER];3;3;1;0;0;0;0;0;0;ZR;2;P
128;CH   03;JU   10;1;1;1;0;0;0;0;1;0;0;1;1;1;0;0;0;1;0;0;0;3;2;;;;;;;;;;;;;;0;1;0;0;0;0;0;;[LEER];4;3;0;1;0;1;1;0;0;ZZ;;P
129;BI   10;TA   10;1;1;0;0;0;0;0;0;0;0;1;1;0;0;0;0;1;0;0;0;3;;2;3;;;;1;0;0;0;0;0;0;1;;;;;;;;1;[LEER];3;3;0;0;0;1;0;0;0;ZZ;1;P
130;SI   06;WE   09;1;0;1;0;0;0;0;1;1;1;1;1;0;0;0;0;0;0;0;0;2;2;;;;;;;;;;;;;;0;0;0;1;0;0;0;1;[LEER];3;3;1;0;0;0;0;1;0;ZZ;1;P
131;GI   16;PE   01;1;1;0;0;0;0;0;1;0;0;1;1;1;1;1;1;1;0;0;0;2;2;;;;;;;;;;;;;;;;;;;;;;[LEER];3;3;0;0;0;0;1;0;0;ZZ;1;P
132;AN   23;MA   07;1;1;0;0;1;0;0;0;0;0;1;1;0;0;0;0;0;0;0;0;1;2;2;;O;O;D;;;;;;;;;0;1;1;0;0;0;0;1;[LEER];3;3;0;1;0;1;0;0;0;Z4;2;P
133;JO   20;MI   28;1;0;0;0;1;0;0;0;0;1;1;1;0;0;0;1;1;0;0;0;2;2;;;;;;;;;;;;;;0;0;0;0;0;0;1;1;[LEER];2;2;0;0;0;0;0;1;0;Z4;2;P
134;HA   28;GE   15;1;1;0;0;0;0;0;1;0;0;1;1;1;0;0;1;1;0;0;0;3;2;;;;;;;;;;;;;;0;0;0;0;0;1;0;1;[LEER];2;1;0;0;0;1;0;0;0;Z1;2;P
135;YE   20;MA   13;1;1;0;0;1;0;0;1;0;1;1;1;1;0;1;1;1;0;0;0;3;2;;;;;;;;;;;;;;0;1;1;0;0;0;0;1;[LEER];2;2;0;0;0;1;0;1;0;ZZ;1;P
136;BI   03;BE   26;1;1;0;0;0;0;0;0;0;0;1;1;1;0;0;0;0;0;0;0;2;2;;;;;;;;;;;;;;1;0;1;0;0;0;0;1;[LEER];4;3;0;0;1;1;0;1;0;ZZ;1;P
137;BA   30;LV   25;1;1;0;0;1;1;1;1;0;0;1;1;1;0;0;1;0;1;1;0;3;1;1;2;IO;5;;0;1;0;0;0;1;1;0;;;;;;;;;[LEER];2;2;0;0;0;1;0;1;0;Z7;1;P
138;AN   01;PA   12;1;1;0;1;1;0;1;1;0;0;1;1;0;0;0;1;0;0;1;0;1;2;;;;;;;;;;;;;;0;0;0;0;0;0;1;1;[LEER];3;3;1;0;0;0;0;0;0;ZI;1;P
139;TZ   20;ER   09;1;1;0;0;0;0;1;0;0;0;1;1;0;0;0;0;0;0;1;0;3;2;;;;;;;;;;;;;;0;0;0;0;0;1;0;1;[LEER];4;5;0;1;0;0;1;0;0;;2;P
140;FR   16;SI   09;1;1;1;0;0;0;0;1;1;0;1;1;0;0;1;0;1;0;0;0;2;2;;;;;;;;;;;;;;0;0;1;0;0;0;0;1;[LEER];;3;0;0;1;1;0;0;0;Z9;2;P
141;MA   07;AH   09;1;1;0;0;0;1;0;0;0;1;1;1;1;1;1;0;1;1;0;0;3;1;1;3;0,1;0,1;Z;0;1;0;0;1;1;0;0;;;;;;;;1;[LEER];3;2;1;0;0;0;0;0;0;Z6;1;P
142;MA   05;TH   25;1;1;0;0;1;0;1;1;0;0;1;1;1;1;0;0;1;0;1;0;1;2;;;;;;;;;;;;;;1;0;0;0;0;0;0;1;[LEER];4;4;0;0;1;1;1;0;0;30;2;P
143;PE   26;OL   11;1;1;0;0;1;0;0;0;0;0;1;1;1;0;1;0;1;0;0;0;2;2;;;;;;;;;;;;;;1;0;0;0;0;0;0;1;[LEER];3;3;0;0;0;0;0;1;0;ZZ;1;P
144;AN   15;SE   27;1;1;0;0;0;1;0;1;1;0;1;1;0;0;0;0;0;1;0;0;3;;1;2;OO1;OO1;OOZ;0;1;0;0;0;1;0;0;;;;;;;;1;[LEER];3;3;0;1;0;1;0;0;0;ZZ;1;P
145;CA   14;AL   01;1;0;1;0;0;0;1;1;0;1;1;0;0;0;0;1;1;0;1;0;3;2;;;;;;;;;;;;;;0;0;0;0;0;1;1;1;[LEER];3;3;1;0;0;0;0;0;0;ZZ;1;P
146;SU   20;FR   16;1;1;0;0;0;0;0;1;0;0;1;1;0;0;0;1;1;0;1;0;1;2;;;;;;;;;;;;;;1;0;1;0;0;0;1;1;[LEER];3;2;0;1;0;1;0;0;0;Z4;1;P
147;GM   20;IB   08;1;1;0;0;0;0;0;1;0;0;1;1;1;0;0;0;0;0;0;0;2;2;2;;.;;;;;;;;;;;0;1;0;0;0;0;0;2;[LEER];4;4;0;0;1;1;0;0;0;Z1;2;P
148;SO   11;FR   11;1;0;1;1;0;0;0;0;0;0;1;1;0;0;1;0;1;0;0;0;2;2;;;;;;;;;;;;;;1;0;0;0;0;0;0;1;[LEER];3;2;0;1;0;0;1;0;0;Z5;1;P
149;EV   07;JE   10;1;1;1;0;0;0;0;0;0;0;1;1;1;0;0;0;1;0;0;0;3;2;;;;;;;;;;;;;;0;1;0;0;0;1;0;1;[LEER];3;1;;;;;;;;Z4;1;P
150;NI   17;FR   12;1;1;0;0;1;0;0;1;0;1;1;1;1;0;1;1;1;1;1;0;2;2;;;;;;;;;;;;;;1;0;1;0;0;0;0;1;[LEER];3;3;0;0;0;1;0;0;0;ZZ;2;P
151;PA   10;RO   07;1;1;0;0;0;0;0;0;0;0;1;1;1;0;0;0;1;1;0;0;3;2;;;;;;;;;;;;;;1;0;0;0;0;0;0;1;[LEER];3;3;0;0;1;1;0;0;0;Z8;1;P
152;MO   03;MA   12;1;1;0;0;1;1;0;1;0;0;1;1;1;0;0;0;1;1;0;0;3;1;1;2;;;;0;1;0;0;0;1;0;0;;;;;;;;1;[LEER];3;2;0;0;0;1;0;1;0;Z4;1;P
153;CL   28;EK   01;1;1;0;0;0;0;1;0;0;0;;0;0;0;0;0;0;0;1;0;1;;;;;;;;;;;;;;;0;0;0;0;0;1;0;;[LEER];2;2;1;0;0;0;0;0;0;J1;2;P
154;SA   01;FL   05;1;1;0;0;1;0;0;1;0;0;1;1;0;0;1;1;1;0;0;0;3;2;;;;;;;;;;;;;;0;0;1;0;0;1;0;1;[LEER];3;2;0;0;0;1;1;0;0;ZZ;1;P
155;AN   31;MA   18;1;1;0;1;0;0;0;1;0;0;1;1;1;1;1;1;1;0;0;0;3;2;;;;;;;;;;;;;;1;0;0;0;0;0;0;1;[LEER];3;3;1;0;0;0;0;0;0;Z4;1;P
156;DA   04;DI   11;1;1;0;0;0;0;0;0;0;0;1;1;1;0;1;1;0;1;1;0;3;2;;;;;;;;;;;;;;1;0;1;0;0;0;0;1;[LEER];4;3;0;0;0;1;0;0;0;ZZ;1;P
157;MI   15;KA   20;1;1;1;0;0;0;0;0;0;0;1;1;0;0;1;1;0;0;0;0;2;2;;;;;;;;;;;;;;0;0;1;0;0;0;0;1;[LEER];4;4;1;0;0;0;0;0;0;ZZ;2;P
158;AN   15;HO   23;1;1;0;0;0;0;1;0;0;0;1;1;0;0;0;0;1;0;1;0;3;2;;;;;;;;;;;;;;0;0;0;0;0;1;0;1;[LEER];3;3;1;0;0;0;0;0;0;24;1;P
159;PE   26;DI   20;1;1;0;1;0;1;1;0;1;0;1;1;0;0;1;0;0;0;0;0;;2;;;;;;;;;;;;;;1;0;0;0;0;0;0;1;[LEER];3;3;0;0;1;1;1;0;0;Z^;2;P
160;IR   27;KA   28;1;0;1;0;0;0;0;1;0;1;1;1;0;0;0;1;0;0;0;0;2;2;;;;;;;;;;;;;;0;0;1;0;0;1;0;1;[LEER];4;3;0;0;1;0;0;0;0;ZZ;1;P
161;TE   29;IM   30;1;1;1;0;0;0;0;1;0;0;1;1;1;0;1;1;1;1;0;0;3;2;;;;;;;;;;;;;;1;0;0;0;0;0;0;1;[LEER];2;1;0;0;0;1;1;0;0;Z6;1;P
162;FA   15;SE   02;1;1;0;0;0;0;0;0;0;0;1;1;0;0;0;0;0;0;0;0;3;2;;;;;;;;;;;;;;1;0;1;0;0;0;0;1;[LEER];3;3;0;0;1;0;0;1;0;ZZ;1;P
163;CL   20;TH   01;1;1;0;0;0;0;0;1;0;0;1;1;1;0;0;1;1;0;0;0;3;2;;;;;;;;;;;;;;1;0;0;1;0;0;0;1;[LEER];2;1;0;0;1;1;1;0;0;ZZ;1;P
164;XX   99;XX   99;1;1;0;0;0;1;0;1;0;0;1;1;0;0;0;0;0;0;0;0;1;1;1;3;OO1;OO1;OOZ;1;0;0;0;0;1;0;0;;;;;;;;1;[LEER];3;;0;0;0;1;0;0;0;Z5;1;P
165;TA   06;GE   14;1;1;0;0;0;0;0;1;1;0;1;1;0;0;1;1;1;1;1;0;3;2;;;;;;;;;;;;;;1;0;1;0;0;1;0;1;[LEER];4;4;0;0;1;0;0;0;0;ZZ;2;P
166;SA   18;RV   04;1;1;1;0;1;1;1;0;0;0;1;1;0;0;1;1;1;0;1;0;2;1;1;1;1;4;4O;1;1;0;0;0;1;0;0;;;;;;;;;[LEER];1;1;0;0;0;0;1;0;0;Z5;1;P
167;UR   23;JO   11;1;1;0;0;1;0;0;1;1;0;1;1;0;0;0;0;0;0;0;0;3;2;;;;;;;;;;;;;;1;0;0;0;0;0;1;1;[LEER];3;2;0;1;0;0;0;0;0;ZZ;2;P
168;RE   04;WO   26;1;1;0;0;1;0;0;1;0;0;1;1;1;0;1;0;1;0;0;0;3;2;;;;;;;;;;;;;;1;0;0;0;0;0;0;1;[LEER];3;3;0;0;1;0;0;1;0;Z4;2;P
169;KA   07;JU   08;1;0;1;0;0;0;0;1;0;0;1;1;1;0;0;0;0;0;0;0;1;2;;;;;;;;;;;;;;1;0;1;0;0;0;0;1;[LEER];3;3;0;0;1;1;0;0;0;Z5;1;P
170;HE   11;RO   25;1;1;1;0;0;0;0;1;0;1;1;1;0;0;1;1;1;0;0;0;3;2;;;;;;;;;;;;;;0;0;1;0;0;0;1;1;[LEER];4;4;0;0;0;1;1;0;0;Z4;1;P
171;AN   05;MA   15;1;1;0;0;0;0;0;1;0;0;1;1;1;0;0;1;1;0;0;0;3;2;;;;;;;;;;;;;;1;0;0;0;0;0;0;1;[LEER];3;2;0;0;1;1;1;0;0;Z1;2;P
172;EL   04;WO   12;1;1;0;0;0;0;0;1;0;0;1;1;0;0;0;0;0;0;0;0;1;2;;;;;;;;;;;;;;1;0;0;0;0;0;0;1;[LEER];4;4;0;0;1;0;0;0;0;Z4;2;P
173;JO   29;CA   09;1;1;1;0;0;0;0;1;0;0;1;1;0;0;0;0;0;0;0;0;3;2;;;;;;;;;;;;;;0;0;1;0;0;0;0;1;[LEER];3;4;1;0;0;0;0;0;0;Z4;1;P
174;HE   03;CH   03;1;1;0;0;1;0;0;1;0;1;1;1;1;0;1;1;1;0;0;0;3;2;;;;;;;;;;;;;;0;0;1;0;0;0;0;1;[LEER];3;3;0;0;0;0;0;1;0;ZZ;1;P
175;YE   26;ME   01;1;1;1;0;0;1;1;1;1;1;1;1;1;1;1;1;0;1;1;1;3;1;1;1;OOO;OOO;O1O;1;1;0;0;0;1;1;0;;;;;;;;1;[LEER];2;2;0;1;0;1;1;1;0;Z5;1;P
176;HE   10;SI   26;1;1;1;0;1;0;0;1;0;0;1;1;0;0;1;1;1;1;0;0;3;2;;;;;;;;;;;;;;1;0;1;0;0;0;0;1;[LEER];4;4;0;0;1;0;0;0;0;ZZ;1;P
177;MU   18;PA   03;1;1;0;0;0;0;0;0;0;0;1;1;1;0;0;0;0;0;0;0;2;2;;;;;;;;;;;;;;0;0;1;0;0;0;0;1;[LEER];4;3;0;1;0;0;1;0;0;ZZ;2;P
178;HE   28;UW   06;1;1;0;0;0;1;0;1;1;1;2;1;1;0;1;0;0;1;0;0;3;1;1;3;1;1;2;0;1;1;0;0;0;0;1;;;;;;;;1;[LEER];2;2;0;1;0;1;1;0;0;Z5;1;P
179;UL   24;UW   25;1;1;0;0;0;0;0;0;1;0;1;1;1;0;1;1;1;1;1;0;3;2;;;.;;;;;;;;;;;0;0;0;0;0;0;1;1;[LEER];3;3;1;0;0;0;0;0;0;Z4;1;P
180;VE   23;AT   24;1;0;1;0;0;1;0;1;0;1;1;1;1;0;1;1;1;1;0;0;3;1;1;2;1;1;Z;1;1;1;0;0;0;1;1;;;;;;;;1;[LEER];2;2;0;0;1;1;0;0;0;Z4;1;P
181;CH   10;HA   01;1;1;1;0;0;1;0;1;0;0;1;1;1;0;0;0;0;0;0;0;3;1;2;1;;;7;1;1;1;0;0;0;0;1;;;;;;;;1;[LEER];2;1;0;0;0;1;1;0;0;Z4;1;P
182;JU   12;HE   25;1;1;0;1;0;0;0;1;0;0;1;1;0;0;1;1;0;0;1;0;3;2;;;;;;;;;;;;;;0;0;0;0;0;0;1;;[LEER];;;1;0;0;0;0;0;0;ZZ;2;P
183;BA   24;JO   01;1;1;0;0;0;1;0;0;0;1;1;1;0;0;0;0;0;1;0;0;3;1;1;1;O;O;Z;1;1;0;0;0;0;1;0;;;;;;;;1;[LEER];3;3;0;0;1;0;0;0;0;ZY;1;P
184;PE   19;KL   19;1;1;0;0;1;0;0;1;1;0;1;1;1;0;1;1;1;1;1;0;3;2;;;;;;;;;;;;;;1;0;0;0;0;0;0;1;[LEER];3;3;0;0;0;1;0;0;0;Z5;1;P
186;AN   06;DA   18;1;1;0;0;0;0;0;1;0;0;2;1;0;0;1;0;1;0;0;0;2;2;;;;;;;;;;;;;;1;1;1;1;0;0;0;1;[LEER];4;4;0;1;0;1;0;0;0;ZZ;1;P
187;EU   25;RO   03;1;1;1;1;0;0;0;1;0;1;1;1;0;0;0;1;1;0;0;0;1;;;;;;;;;;;;;;;0;1;0;0;0;1;1;1;[LEER];2;2;0;0;0;1;0;0;1;Z5;1;P
189;XX   99;XX   99;1;1;0;0;0;1;1;1;0;0;1;1;0;0;1;0;0;0;0;0;3;1;1;2;O;D;1;0;0;1;0;1;1;1;0;;;;;;;;1;[LEER];3;2;0;0;1;1;0;0;0;ZZ;2;P
190;AN   01;MA   01;1;1;0;0;0;0;0;0;0;0;1;1;1;0;0;1;1;0;0;0;1;2;2;;;;;;;;;;;;;1;0;0;0;0;0;0;1;[LEER];4;3;1;0;0;0;0;0;0;ZO;1;P
191;LU   21;VA   07;1;1;0;0;0;0;0;1;0;0;;1;1;0;0;1;0;0;0;0;3;2;;;;;;;;;;;;;;0;1;0;0;0;0;0;1;[LEER];3;2;1;0;0;0;0;0;0;Z4;1;P
192;DA   08;MI   30;1;1;1;0;1;0;0;1;1;0;1;1;1;1;1;1;1;0;0;0;3;2;;;;;;;;;;;;;;0;0;1;0;0;0;0;1;[LEER];3;3;0;0;0;1;1;0;0;ZZ;1;P
193;FA   06;RA   01;1;1;0;0;0;0;0;0;0;0;1;1;1;0;1;0;1;0;0;0;3;;1;2;;;;0;1;0;0;0;0;0;1;;;;;;;;1;[LEER];3;4;0;0;0;0;1;0;0;Z6;2;P
194;AN   25;HU   19;1;1;0;0;0;1;0;1;0;0;1;1;0;0;1;0;1;0;0;0;1;1;1;2;OP5;ODT;Z;1;0;0;0;0;0;1;0;;;;;;;;1;[LEER];3;3;0;0;1;0;0;0;0;ZZ;1;P
195;SA   11;WD   14;1;1;1;0;0;0;0;1;0;0;1;0;0;0;1;1;1;0;0;0;2;2;;;;;;;;;;;;;;0;0;1;1;0;0;0;1;[LEER];2;2;0;0;0;1;1;0;0;ZZ;1;P
196;SI   26;JO   25;1;1;0;0;1;0;0;1;1;0;1;1;1;0;0;1;0;0;0;0;3;2;;;;;;;;;;;;;;1;0;0;0;0;1;0;1;[LEER];3;3;0;1;0;0;0;1;0;ZZ;1;P
198;MA   27;MA   12;1;1;1;0;1;0;0;1;1;0;2;0;1;0;0;0;0;0;0;0;3;2;;;;;;;;;;;;;;1;0;0;0;0;0;0;1;[LEER];3;3;0;0;1;1;1;0;0;Z9;2;P
199;GA   31;FR   08;1;0;1;0;0;0;0;1;0;0;1;1;0;0;1;1;0;0;0;0;2;2;;;;;;;;;;;;;;1;0;1;1;0;0;0;1;[LEER];3;3;1;0;0;0;0;0;0;Z4;1;P
200;AN   23;RA   19;1;1;0;1;0;0;0;1;0;0;1;1;1;0;0;1;1;0;0;0;3;2;;;;;;;;;;;;;;1;0;1;0;0;0;0;;[LEER];4;3;0;0;0;1;1;0;0;ZZ;1;P
201;DO   07;ST   22;1;0;0;0;0;0;0;0;0;1;2;1;0;0;0;0;0;0;0;0;2;2;;;;;;;;;;;;;;0;0;1;0;0;0;0;;[LEER];3;3;1;0;0;0;0;0;0;ZZ;1;P
202;KA   12;HA   06;1;1;0;0;0;0;0;1;0;1;1;1;0;0;1;0;1;0;0;0;2;2;;;;;;;;;;;;;;0;0;0;1;0;0;0;1;[LEER];2;2;0;0;0;1;0;0;0;ZZ;1;P
203;AN   30;GU   20;1;1;1;0;1;0;0;1;1;0;1;1;1;0;0;1;1;0;0;0;3;2;;;;;;;;;;;;;;0;0;1;0;0;0;1;1;[LEER];3;2;1;0;0;0;0;0;0;ZZ;2;P
204;CL   13;KO   06;1;1;0;0;0;1;0;1;0;0;;1;0;0;1;1;1;1;0;0;2;1;1;1;0,5;O;Z;0;1;0;0;0;0;1;0;;;;;;;;1;[LEER];4;4;0;0;0;1;0;0;0;ZY;1;P
205;GA   08;GU   15;1;1;0;0;0;1;1;1;0;0;1;1;1;0;0;1;0;0;1;0;3;1;1;2;0,5;O;Z;0;1;1;0;0;0;1;1;;;;;;;;1;[LEER];3;3;0;1;0;0;0;0;0;ZZ;1;P
206;NI   14;TH   28;1;1;0;0;0;0;0;0;0;0;1;1;0;0;0;0;0;0;0;0;3;2;;;;;;;;;;;;;;0;0;1;0;0;0;0;1;[LEER];4;4;0;1;0;0;0;0;0;Z1;2;P
207;MA   02;OT   14;1;1;0;0;1;1;0;0;0;0;1;1;0;0;0;0;0;0;0;0;3;1;1;2;0;0;1;0;1;0;0;1;0;0;0;;;;;;;;1;[LEER];3;3;1;0;0;0;0;0;0;Z1;1;P
208;MA   21;AX   04;1;1;0;0;0;0;0;1;0;0;1;1;1;0;0;1;1;0;0;0;3;2;;;;;;;;;;;;;;0;1;0;1;0;1;0;1;[LEER];3;3;1;0;0;0;0;0;0;ZZ;1;P
209;DO   06;MA   18;1;1;1;0;0;0;0;1;0;0;1;1;0;0;0;1;0;0;0;0;2;2;;;;;;;;;;;;;;0;0;1;0;0;0;0;1;[LEER];4;4;0;0;0;0;1;0;0;Z4;2;P
210;HE   17;CH   08;1;1;0;0;0;0;0;0;0;0;1;1;1;0;1;1;1;0;0;0;3;2;;;;;;;;;;;;;;1;0;1;0;0;0;0;1;[LEER];2;1;0;1;0;0;0;0;0;Z5;2;P
211;GA   31;UW   01;1;1;0;0;0;0;0;0;0;0;1;1;1;1;0;0;0;0;0;0;1;2;;;;;;;;;;;;;;1;0;0;0;0;0;0;1;[LEER];3;3;0;0;1;1;1;0;0;Z9;2;P
212;ST   28;TH   10;1;0;1;0;0;0;0;1;0;0;1;1;0;0;1;1;0;0;0;0;2;2;;;;;;;;;;;;;;0;1;1;0;0;0;0;1;[LEER];4;4;0;0;1;1;0;0;1;ZZ;2;P
213;EU   17;RO   12;1;1;1;0;0;0;0;0;0;0;1;1;0;0;0;0;0;0;0;0;3;2;;;;;;;;;;;;;;0;0;1;0;0;0;0;1;[LEER];4;4;0;0;0;0;1;0;0;ZZ;1;P
214;CA   02;MI   14;1;1;0;0;0;1;1;1;1;0;1;1;1;0;1;1;0;1;1;0;3;1;1;2;1;1;28;1;0;0;0;0;1;1;1;;;;;;;;1;[LEER];4;4;0;0;1;1;0;0;0;ZZ;1;P
215;RI   12;HA   24;1;1;0;0;0;0;0;1;0;1;1;1;1;0;1;1;1;0;1;0;3;2;;;;;;;;;;;;;;1;0;1;0;0;0;0;1;[LEER];3;3;1;0;0;0;0;0;0;Z1;1;P
216;SI   14;TH   25;1;1;0;0;0;0;1;1;0;1;1;0;1;0;0;0;0;0;1;0;3;2;;;;;;;;;;;;;;0;0;1;0;0;1;0;1;[LEER];3;3;1;0;0;0;0;0;0;ZZ;2;P
217;EL   03;GU   06;1;1;0;1;0;0;0;0;0;1;1;1;0;0;0;0;1;1;1;0;3;1;1;2;OI1;OI1;1;1;0;0;0;0;1;0;0;;;;;;;;1;[LEER];2;2;0;0;1;1;1;0;0;ZO;1;P
218;HI   01;CH   30;1;1;0;1;0;0;0;0;0;0;1;1;1;1;1;1;1;0;0;0;3;;;;;;;;;;;;;;;0;0;0;0;0;1;0;1;[LEER];2;3;0;0;1;1;1;0;0;Z7;2;P
219;KA   27;TH   15;1;1;0;0;0;0;0;1;0;1;2;1;0;0;1;1;0;0;0;0;2;2;;;;;;;;;;;;;;0;1;0;0;0;0;0;1;[LEER];3;2;0;1;0;0;0;1;0;ZZ;2;P
220;SU   29;TH   25;1;1;1;0;0;0;0;1;0;0;1;1;0;0;1;0;1;1;0;0;2;2;;;;;;;;;;;;;;1;0;0;0;0;0;0;1;[LEER];3;3;0;0;0;0;1;0;0;ZZ;1;P
221;TA   24;DA   11;1;1;0;0;0;0;0;0;0;1;1;0;1;0;0;0;0;0;0;0;1;2;;;;;;;;;;;;;;1;0;0;0;0;0;0;1;[LEER];3;2;0;1;0;1;1;0;0;ZZ;2;P
222;BR   29;AR   31;1;1;1;0;0;1;0;1;0;0;1;1;0;0;0;0;0;0;0;0;2;1;1;1;OOO;OOO;OO1;0;1;1;0;0;1;1;1;;;;;;;;1;[LEER];3;3;0;1;0;0;0;1;0;ZZ;1;P
223;EZ   24;DI   27;1;1;0;0;0;0;1;1;0;0;1;1;0;0;0;1;1;0;1;0;3;2;;;;;;;;;;;;;;0;0;0;0;0;1;0;1;[LEER];3;3;0;0;0;1;1;0;0;ZZ;1;P
